Name,Set code,Set name,Collector number,Foil,Rarity,Quantity,ManaBox ID,Scryfall ID,Purchase price,Misprint,Altered,Condition,Language,Purchase price currency,Added
Ghostform,AVR,Avacyn Restored,56,normal,common,1,18222,1f6a20ba-6691-4844-9685-dfcd4184224e,0.23,false,false,near_mint,en,GBP,2026-01-01T13:20:10.577Z
Sage of Days,LCI,The Lost Caverns of Ixalan,73,foil,common,1,88778,a6e53495-c76c-4cd4-b93e-b2c491d2c13a,0.05,false,false,near_mint,en,GBP,2025-11-22T13:20:10.577Z
Harsh Annotation,SOS,Secrets of Strixhaven,18,normal,uncommon,1,112706,e07a8fc7-c11c-4469-a31d-0abf40e57bbf,22.50,false,false,excellent,en,GBP,2026-03-27T13:20:10.577Z
Mountain,SPM,Marvel's Spider-Man,192,normal,common,1,107877,b044630d-50e7-431b-8e91-bd53e967f594,1.35,false,false,near_mint,en,GBP,2026-05-14T13:20:10.577Z
Glass-Cast Heart,VOC,Crimson Vow Commander,56,normal,rare,1,64523,3dd488b6-40c0-47c4-9bed-c071f7b2f508,0.10,false,false,near_mint,en,GBP,2026-04-05T13:20:10.577Z
Flood the Engine,DFT,Aetherdrift,42,normal,common,2,103506,57402f7c-5d4c-4f1e-8bce-a2328a297111,4.80,false,false,good,en,GBP,2026-01-01T13:20:10.577Z
Act of Treason,JMP,Jumpstart,289,normal,common,3,51323,78fec7e6-5ed9-46dc-93b4-7a054d763403,4.80,false,false,near_mint,en,GBP,2025-11-22T13:20:10.577Z
Queen's Bay Paladin,LCI,The Lost Caverns of Ixalan,368,foil,rare,1,88769,a40cdb01-d303-438c-9c87-ca334ac68582,1.35,false,false,near_mint,en,GBP,2026-04-05T13:20:10.577Z
Fruit of Tizerus,THB,Theros Beyond Death,96,normal,common,1,46966,66e577a0-e5d7-4e6a-919c-d85c2ae819ce,4.80,false,false,near_mint,en,GBP,2026-05-14T13:20:10.577Z
Relic Axe,ZNR,Zendikar Rising,248,foil,uncommon,1,54751,ca8705e3-0e44-45c9-bcdf-c24507b038fe,1.35,false,false,near_mint,en,GBP,2026-01-01T13:20:10.577Z
Out of Air,LCI,The Lost Caverns of Ixalan,69,normal,common,1,88871,c263db55-fcac-4b49-b626-7c8092accfcd,0.47,false,false,near_mint,en,GBP,2026-04-05T13:20:10.577Z
Crusader of Odric,INR,Innistrad Remastered,18,normal,common,4,102799,d6ae6566-3df8-4e09-b487-f0362622ca04,0.02,false,false,near_mint,en,GBP,2026-04-05T13:20:10.577Z
Demolish,ORI,Magic Origins,139,normal,common,1,10803,ae7c95da-458d-4914-9e7c-2c5fc1aa626b,0.23,false,false,near_mint,en,GBP,2026-01-01T13:20:10.577Z
Reckless Cohort,BFZ,Battle for Zendikar,152,normal,common,2,10199,77a4cdec-e5fc-4ea8-a7bc-f1109fadae3c,0.23,false,false,near_mint,en,GBP,2026-03-27T13:20:10.577Z
Tread Mill,UST,Unstable,208,normal,common,1,3035,70d2f8f3-7bd0-4775-806b-1583da4814a5,4.80,false,false,near_mint,en,GBP,2026-05-14T13:20:10.577Z
Mountain,DMU,Dominaria United,272,normal,common,1,71534,72776f25-48f5-4d7f-84a9-310928b9d7ad,0.23,false,false,near_mint,en,GBP,2026-05-14T13:20:10.577Z
Undercity Dire Rat,FIN,Final Fantasy,123,normal,common,1,106270,274788f4-fbf3-4a15-bdc0-f513a2fde30d,0.23,false,false,near_mint,en,GBP,2025-11-22T13:20:10.577Z
Pharika's Cure,THS,Theros,100,normal,common,2,15564,c0efc963-5848-44eb-a654-c08b5bd4501d,22.50,false,false,near_mint,en,GBP,2026-01-01T13:20:10.577Z
Needlebug,MRD,Mirrodin,217,normal,uncommon,1,29828,d54fbd8a-1e2a-450e-98f2-26bbc9e9ac79,0.02,false,false,near_mint,en,GBP,2026-05-14T13:20:10.577Z
Wickerfolk Indomitable,DFT,Aetherdrift,109,normal,uncommon,1,103245,ba78e076-8962-4b3f-b86f-04400b062951,4.80,false,false,excellent,en,GBP,2025-11-22T13:20:10.577Z
Reckoner Shakedown,NEO,Kamigawa: Neon Dynasty,119,foil,common,1,66911,cf57666f-366b-43bf-95c7-39c1f7f061e2,22.50,false,false,near_mint,en,GBP,2026-03-27T13:20:10.577Z
Combat Courier,BRO,The Brothers' War,77,normal,common,1,75307,171edf80-ffc1-4894-9be5-c3e93a96f734,0.10,false,false,near_mint,en,GBP,2025-11-22T13:20:10.577Z
Tithing Blade // Consuming Sepulcher,LCI,The Lost Caverns of Ixalan,128,normal,common,1,88947,dbaa9a2d-e9fd-4746-a26c-f99ae731f024,0.23,false,false,near_mint,en,GBP,2026-05-14T13:20:10.577Z
"Fang, Fearless l'Cie",FIN,Final Fantasy,381,normal,uncommon,1,105733,dca1a706-9eee-4d75-80ee-fa12257908e3,22.50,false,false,near_mint,en,GBP,2026-03-27T13:20:10.577Z
Song-Mad Treachery // Song-Mad Ruins,ZNR,Zendikar Rising,165,normal,uncommon,1,54613,782ca27f-9f18-476c-b582-89c06fb2e322,0.02,false,false,near_mint,en,GBP,2025-11-22T13:20:10.577Z
Enterprising Scallywag,LCI,The Lost Caverns of Ixalan,148,normal,uncommon,1,88443,44420f52-2ed8-4f81-93e4-5decc77bed01,22.50,false,false,near_mint,en,GBP,2026-01-01T13:20:10.577Z
Charforger,ONE,Phyrexia: All Will Be One,199,normal,uncommon,1,78525,45db6b46-c4b4-4684-8a49-53a64ffc82f2,4.80,false,false,near_mint,en,GBP,2026-05-14T13:20:10.577Z
Tapestry Warden,EOE,Edge of Eternities,209,normal,uncommon,1,107068,7cbbab6c-43ae-4e50-97ce-532a3316591a,0.23,false,false,near_mint,en,GBP,2025-11-22T13:20:10.577Z
Deadly Cover-Up,MKM,Murders at Karlov Manor,83,normal,rare,1,90793,3876aa0f-b199-43f5-8a91-c2d620b8ef84,4.80,false,false,excellent,en,GBP,2026-01-01T13:20:10.577Z
Cave of Temptation,MH1,Modern Horizons,237,normal,common,1,44697,d86e9149-6fd9-44fc-b765-3e646c7d83d6,0.23,false,false,good,en,GBP,2025-11-22T13:20:10.577Z
Hop to It,BLB,Bloomburrow,16,normal,uncommon,1,95851,ee7207f8-5daa-42af-aeea-7a489047110b,1.35,false,false,near_mint,en,GBP,2025-11-22T13:20:10.577Z
Shadow Alley Denizen,GTC,Gatecrash,76,normal,common,2,16748,985997ae-59bc-49d7-87ca-e63ed9706fdf,0.10,false,false,near_mint,en,GBP,2026-04-05T13:20:10.577Z
Ridgetop Raptor,DMR,Dominaria Remastered,134,normal,common,1,77976,720a0e44-0675-488e-bfa5-ae557337e9c4,22.50,false,false,near_mint,en,GBP,2026-04-05T13:20:10.577Z
Rise from the Wreck,DFT,Aetherdrift,178,foil,uncommon,2,103486,43e6ac32-a7a4-4c15-81b0-8485d6a0e7ca,0.23,false,false,near_mint,en,GBP,2026-03-27T13:20:10.577Z
Peregrin Took,LTR,The Lord of the Rings: Tales of Middle-earth,315,normal,uncommon,2,83673,fbbdd288-83ec-4be9-b55f-17771fd5ecc4,0.47,false,false,near_mint,en,GBP,2026-03-27T13:20:10.577Z
"Vraska, the Silencer",OTJ,Outlaws of Thunder Junction,237,normal,mythic,1,93307,b042abf2-c40b-4235-a4fa-2e4901c375c3,0.10,false,false,near_mint,en,GBP,2026-05-14T13:20:10.577Z
Militia Rallier,VOW,Innistrad: Crimson Vow,24,normal,common,1,64206,51b3ff40-3185-4369-985e-17613bb6ad22,1.35,false,false,near_mint,en,GBP,2026-01-01T13:20:10.577Z
Scuttlegator,RNA,Ravnica Allegiance,218,normal,common,1,43647,d886fd9a-7800-41f1-b692-32a439b045da,22.50,false,false,near_mint,en,GBP,2026-04-05T13:20:10.577Z
Generous Visitor,NEO,Kamigawa: Neon Dynasty,185,normal,uncommon,2,66609,d1066ccd-a932-4d05-98da-11ae4675364e,0.02,false,false,near_mint,en,GBP,2026-03-27T13:20:10.577Z
Siege Veteran,BRO,The Brothers' War,25,normal,rare,1,75896,f57e2a32-6e52-4f6e-96ec-55f5b7ba77e0,4.80,false,false,near_mint,en,GBP,2026-05-14T13:20:10.577Z
Town Greeter,FIN,Final Fantasy,209,foil,common,1,105610,49cd4efa-4df4-4257-9a42-60330f7781e2,0.47,false,false,near_mint,en,GBP,2025-11-22T13:20:10.577Z
Burden of Proof,MKM,Murders at Karlov Manor,42,normal,uncommon,4,90855,4ea29c34-4b55-4170-9120-0a8dda61f2eb,22.50,false,false,good,en,GBP,2025-11-22T13:20:10.577Z
"Gev, Scaled Scorch",BLB,Bloomburrow,214,normal,rare,1,96001,131ea976-289e-4f32-896d-27bbfd423ba9,0.05,false,false,near_mint,en,GBP,2026-05-14T13:20:10.577Z
"Reyav, Master Smith",CMR,Commander Legends,290,foil,uncommon,1,55786,90307dd6-196d-4d51-9b3f-6ff339882d31,4.80,false,false,near_mint,en,GBP,2026-05-14T13:20:10.577Z
Aegis Turtle,IKO,Ikoria: Lair of Behemoths,39,normal,common,1,50038,e433e7f0-7417-4dfe-a7a4-3f222b0a835f,22.50,false,false,near_mint,en,GBP,2026-01-01T13:20:10.577Z
Orzhov Advokist,CMR,Commander Legends,35,normal,uncommon,1,56135,96017805-0a26-4beb-8de3-6779c4e5633d,1.35,false,false,near_mint,en,GBP,2026-01-01T13:20:10.577Z
Innocent Bystander,MKM,Murders at Karlov Manor,133,normal,common,1,90634,085f4595-4ae5-428e-a934-e918774df6fd,4.80,false,false,near_mint,en,GBP,2025-11-22T13:20:10.577Z
Thraben Inspector,CMM,Commander Masters,66,normal,common,1,84172,299cc386-2ed5-4504-9ba6-17a52e0c9a0c,22.50,false,false,near_mint,en,GBP,2025-11-22T13:20:10.577Z
Swamp,MKM,Murders at Karlov Manor,281,normal,common,1,90961,70d0ef58-c0b3-4bcd-b470-0cf41219a4e6,1.35,false,false,near_mint,en,GBP,2026-04-05T13:20:10.577Z
Impact Tremors,WOT,Wilds of Eldraine: Enchanting Tales,44,normal,uncommon,1,85784,e23cf8e0-0983-4495-ad3e-8b0c3e706115,22.50,false,false,excellent,en,GBP,2026-01-01T13:20:10.577Z
Geometer's Arthropod,SOS,Secrets of Strixhaven,300,normal,rare,1,112367,9278cfc3-7dcb-4b84-8646-4fb745fece9e,0.02,false,false,excellent,en,GBP,2026-03-27T13:20:10.577Z
Guul Draz Specter,ZEN,Zendikar,92,normal,rare,1,22532,6f6ee73e-fe6e-4698-b92e-606d5d10e5e0,4.80,false,false,near_mint,en,GBP,2026-04-05T13:20:10.577Z
"Will, Scion of Peace",WOE,Wilds of Eldraine,218,normal,mythic,1,85269,162088ea-5f99-4244-9427-2fdfb2168fc3,0.47,false,false,near_mint,en,GBP,2026-01-01T13:20:10.577Z
Thraxodemon,BRO,The Brothers' War,115,normal,common,1,75915,fc59ca3b-d417-4cf2-99a3-89816bf2bd09,4.80,false,false,near_mint,en,GBP,2025-11-22T13:20:10.577Z
Clifftop Lookout,BLB,Bloomburrow,168,normal,uncommon,1,95931,662d3bcc-65f3-4c69-8ea1-446870a1193d,0.05,false,false,near_mint,en,GBP,2025-11-22T13:20:10.577Z
Guardian Automaton,ORI,Magic Origins,227,normal,common,2,10715,7e8916b7-f5e4-4fae-8db8-9859d69212ec,0.47,false,false,near_mint,en,GBP,2026-03-27T13:20:10.577Z
Butcher of Malakir,WWK,Worldwake,53,foil,rare,1,22138,73131341-0fde-4eca-aefa-ce69c933af07,4.80,false,false,near_mint,en,GBP,2026-04-05T13:20:10.577Z
"Ludevic, Necrogenius // Olag, Ludevic's Hubris",DBL,Innistrad: Double Feature,233,normal,rare,1,65263,61a15b38-30f9-4d8e-9511-57a1c11304d0,4.80,false,false,excellent,en,GBP,2026-01-01T13:20:10.577Z
Master Piandao,TLA,Avatar: The Last Airbender,28,foil,uncommon,1,108191,3e4a042c-f2a6-45e7-9444-acd1ca838b87,0.23,false,false,near_mint,en,GBP,2026-04-05T13:20:10.577Z
Shower of Coals,PLST,The List,ODY-221,foil,uncommon,3,98342,cdc2fa3d-91dc-4a24-9609-8fdfbae50bc2,22.50,false,false,near_mint,en,GBP,2025-11-22T13:20:10.577Z
Thran Portal,DMU,Dominaria United,259,normal,rare,1,71841,ef074a2e-a387-4af8-a180-74b145d93992,4.80,false,false,near_mint,en,GBP,2026-03-27T13:20:10.577Z
Swamp,WOE,Wilds of Eldraine,271,normal,common,2,85737,d0a801ba-ebf7-4b9e-98c2-db50448845b7,0.47,false,false,excellent,en,GBP,2025-11-22T13:20:10.577Z
Disturbing Conversion,PLST,The List,MOM-54,foil,common,1,98027,91045bc9-f606-47fe-aa81-ef99bd24dc96,1.35,false,false,near_mint,en,GBP,2026-01-01T13:20:10.577Z
Solstice Revelations,TLA,Avatar: The Last Airbender,153,normal,uncommon,1,109580,f22ac19f-66fb-4d54-9f09-495a20a29577,0.10,false,false,near_mint,en,GBP,2026-01-01T13:20:10.577Z
Tide Skimmer,M21,Core Set 2021,79,foil,uncommon,1,51037,dee1d595-a998-4652-931f-a1a72446f3a6,0.47,false,false,near_mint,en,GBP,2026-01-01T13:20:10.577Z
Buzz Buggy,UST,Unstable,173,normal,common,1,3070,f7bac075-aa1f-4c8a-9d82-8b6c1ff9b97a,22.50,false,false,near_mint,en,GBP,2026-01-01T13:20:10.577Z
South Pole Voyager,TLA,Avatar: The Last Airbender,35,normal,rare,1,109696,4b5ad895-be8d-476b-91ca-22fad7a3cc58,0.23,false,false,near_mint,en,GBP,2026-05-14T13:20:10.577Z
Echoing Deeps,LCI,The Lost Caverns of Ixalan,271,normal,rare,1,88346,244c06b3-532d-426e-8bee-ee9461d092a6,1.35,false,false,near_mint,en,GBP,2026-05-14T13:20:10.577Z
Rinoa Heartilly,FIN,Final Fantasy,237,normal,uncommon,1,105701,ba79d293-bf42-48b6-a868-5249f4beeb76,4.80,false,false,near_mint,en,GBP,2026-01-01T13:20:10.577Z
"Jodah, the Unifier",FCA,Final Fantasy: Through the Ages,17,normal,rare,1,106362,c02bef17-a293-4f77-8043-104864de4eaa,0.02,false,false,near_mint,en,GBP,2026-03-27T13:20:10.577Z
Fearless Swashbuckler,DFT,Aetherdrift,204,normal,rare,1,102907,0d86d66b-481f-44ec-86d8-6fc91b52ef38,0.47,false,false,near_mint,en,GBP,2025-11-22T13:20:10.577Z
Byway Barterer,BLB,Bloomburrow,129,normal,rare,1,95981,f41fc718-641b-4f32-a8c1-3e5591a05bf8,22.50,false,false,near_mint,en,GBP,2026-01-01T13:20:10.577Z
Martyr of Sands,UMA,Ultimate Masters,25,normal,common,1,43474,010d4a6b-af72-4d44-a25f-dce8e12da727,0.23,false,false,near_mint,en,GBP,2026-01-01T13:20:10.577Z
Sanguine Indulgence,M21,Core Set 2021,121,normal,common,2,50946,abfcd08a-cfb5-4d34-b950-f57a88c5cb8e,22.50,false,false,near_mint,en,GBP,2026-05-14T13:20:10.577Z
Stew the Coneys,LTR,The Lord of the Rings: Tales of Middle-earth,189,normal,uncommon,1,83455,bcc7c41c-f416-457e-91ba-1f338f45eeac,0.10,false,false,near_mint,en,GBP,2026-01-01T13:20:10.577Z
"Nezahal, Primal Tide",RIX,Rivals of Ixalan,45,normal,rare,1,2973,48eba418-94ab-46a3-958c-4d5058fc2bcd,0.02,false,false,near_mint,en,GBP,2026-01-01T13:20:10.577Z
Endless Atlas,40K,"Warhammer 40,000 Commander",237,normal,rare,1,72521,c8b2fcc3-5c39-403b-8311-5760190388b2,0.05,false,false,near_mint,en,GBP,2026-03-27T13:20:10.577Z
Harrier Strix,OTJ,Outlaws of Thunder Junction,52,foil,common,4,93213,70ca61a9-8938-41bf-bd14-5759f4de6521,0.05,false,false,near_mint,en,GBP,2026-05-14T13:20:10.577Z
Falkenrath Perforator,MID,Innistrad: Midnight Hunt,136,normal,common,1,63429,c40998e0-d7d0-4d79-a40a-9a381debd2cb,0.02,false,false,near_mint,en,GBP,2025-11-22T13:20:10.577Z
Quillspike,EVE,Eventide,126,normal,uncommon,1,24425,14cb4054-d5d6-4015-ae86-6f99280afe0a,4.80,false,false,near_mint,en,GBP,2026-01-01T13:20:10.577Z
"Liliana, Death Wielder",ECC,Lorwyn Eclipsed Commander,78,normal,mythic,3,110526,6f874b0e-32e3-421f-8109-522638b3f38d,22.50,false,false,near_mint,en,GBP,2026-04-05T13:20:10.577Z
"Hurkyl, Master Wizard",BRO,The Brothers' War,51,foil,rare,1,75494,5fcee066-425f-4341-bde5-13a5bdf06f2a,0.10,false,false,near_mint,en,GBP,2026-04-05T13:20:10.577Z
"Gonti, Night Minister",DFT,Aetherdrift,357,normal,rare,1,103476,38a867af-cf5d-4e3d-bba1-361e3cfeca82,4.80,false,false,near_mint,en,GBP,2026-05-14T13:20:10.577Z
Potioner's Trove,SOS,Secrets of Strixhaven,251,normal,common,1,112570,2123b349-4649-4a15-a8b5-b54414d2b1b7,0.47,false,false,near_mint,en,GBP,2026-01-01T13:20:10.577Z
"Blech, Loafing Pest",SOS,Secrets of Strixhaven,176,normal,rare,1,112713,f588fa50-7cc5-41ba-90df-2d252eb5c785,0.10,false,false,near_mint,en,GBP,2026-03-27T13:20:10.577Z
Sickening Dreams,PD3,Premium Deck Series: Graveborn,18,foil,uncommon,1,18603,56aece28-d590-44f5-90c0-98e8244bfc16,0.05,false,false,near_mint,en,GBP,2026-03-27T13:20:10.577Z
Jeskai Shrinekeeper,TDM,Tarkir: Dragonstorm,197,normal,uncommon,1,104722,6ec8fa0b-c695-4326-aebd-042cb1974925,0.05,false,false,near_mint,en,GBP,2025-11-22T13:20:10.577Z
Fuss // Bother,MKM,Murders at Karlov Manor,248,foil,uncommon,1,90731,269a031e-0b89-40e1-b11b-ae870d72161c,0.10,false,false,near_mint,en,GBP,2026-03-27T13:20:10.577Z
Conduit of Worlds,ONE,Phyrexia: All Will Be One,163,normal,rare,1,78585,635146da-d415-4107-a7f9-2c46189e5c52,0.02,false,false,near_mint,en,GBP,2025-11-22T13:20:10.577Z
Triarch Stalker,40K,"Warhammer 40,000 Commander",67★,normal,rare,1,74146,531ea7e2-71ca-4290-8a8b-45a8edf5ab1f,0.10,false,false,near_mint,en,GBP,2026-01-01T13:20:10.577Z
Shark Typhoon,DSC,Duskmourn: House of Horror Commander,127,foil,rare,2,99090,2b2accb1-d77b-4633-9d0c-b972d9c014bb,4.80,false,false,near_mint,en,GBP,2026-05-14T13:20:10.577Z
Swamp,FIC,Final Fantasy Commander,480,normal,common,1,109157,6c0ea7e6-0659-4944-a997-f46e00340542,1.35,false,false,near_mint,en,GBP,2025-11-22T13:20:10.577Z
Informed Inkwright,SOS,Secrets of Strixhaven,20,normal,rare,1,112447,5defb2d1-d0fb-4e7f-a5c7-3df99fe675d6,22.50,false,false,near_mint,en,GBP,2026-01-01T13:20:10.577Z
Creeping Peeper,DSK,Duskmourn: House of Horror,46,foil,common,1,98851,7ad59368-1335-4d8e-a254-ccd889933e57,22.50,false,false,near_mint,en,GBP,2026-04-05T13:20:10.577Z
Rabid Attack,SOS,Secrets of Strixhaven,96,normal,uncommon,1,112714,f5e67560-3135-4b27-a344-5859edf8bcd9,0.47,false,false,near_mint,en,GBP,2026-01-01T13:20:10.577Z
Snakeskin Veil,FDN,Foundations,233,normal,uncommon,1,100645,6cc4c21d-9bdc-4490-9203-17f51db0ddd1,0.47,false,false,near_mint,en,GBP,2026-05-14T13:20:10.577Z
Graveshifter,ECL,Lorwyn Eclipsed,104,normal,uncommon,1,110848,dadb02b9-d3a0-4b51-bbc3-53b2316cd70d,0.10,false,false,near_mint,en,GBP,2026-04-05T13:20:10.577Z
Deadeye Duelist,OTJ,Outlaws of Thunder Junction,119,normal,common,1,93403,e9a50b7a-8741-4520-8d45-8e6b128c2628,4.80,false,false,near_mint,en,GBP,2026-01-01T13:20:10.577Z
Illvoi Operative,EOE,Edge of Eternities,61,normal,common,1,107773,d0ae9fc7-1802-4806-9996-1f1f458ff6a7,22.50,false,false,near_mint,en,GBP,2025-11-22T13:20:10.577Z
High-Rise Sawjack,SNC,Streets of New Capenna,150,normal,common,1,67647,2399c6d7-57f9-4100-ad64-3c8897a438f7,0.05,false,false,near_mint,en,GBP,2026-05-14T13:20:10.577Z
Sentinel Spider,CMR,Commander Legends,253,normal,common,1,55984,01e7af76-e505-49ca-a91e-8167027560ff,1.35,false,false,near_mint,en,GBP,2026-03-27T13:20:10.577Z
Dross Skullbomb,ONE,Phyrexia: All Will Be One,225,normal,common,1,78595,66270dd2-9139-4329-9621-852962836688,0.10,false,false,near_mint,en,GBP,2025-11-22T13:20:10.577Z
Streaking Oilgorger,DFT,Aetherdrift,107,foil,common,1,103097,6ff120a2-e2bb-42a2-bcb7-a48eb7a6d9b2,0.05,false,false,near_mint,en,GBP,2025-11-22T13:20:10.577Z
Merfolk Skyscout,ROE,Rise of the Eldrazi,77,normal,uncommon,2,21890,1ce213c7-7835-4b81-a983-059dd97b0214,0.47,false,false,near_mint,en,GBP,2026-05-14T13:20:10.577Z
Pick Your Poison,MKM,Murders at Karlov Manor,170,normal,common,3,91312,f58cfb23-4d99-4133-bf4b-d7e7c7d17cea,22.50,false,false,near_mint,en,GBP,2025-11-22T13:20:10.577Z
"Thryx, the Sudden Storm",THB,Theros Beyond Death,76,etched,rare,1,46986,4238b089-c6d8-4e4b-b6a1-a0f89e3b4968,0.02,false,false,near_mint,en,GBP,2026-04-05T13:20:10.577Z
Haywire Mite,BRO,The Brothers' War,199,normal,uncommon,1,75602,847a175e-ead1-4596-baf3-5f7f57859e0b,0.05,false,false,near_mint,en,GBP,2026-04-05T13:20:10.577Z
Daggerback Basilisk,M19,Core Set 2019,174,normal,common,1,1138,7bc8325b-c7a8-49a5-8a54-a419800ffb93,0.02,false,false,near_mint,en,GBP,2025-11-22T13:20:10.577Z
Canal Monitor,RIX,Rivals of Ixalan,63,normal,common,1,2955,78226edc-87dd-4c38-987c-52aefe0f9531,0.10,false,false,near_mint,en,GBP,2025-11-22T13:20:10.577Z
Savage Mansion,SPM,Marvel's Spider-Man,183,normal,common,2,108647,855f59a5-17a8-4aca-8a4d-f98111eba14c,4.80,false,false,near_mint,en,GBP,2026-04-05T13:20:10.577Z
Workshop Assistant,CMR,Commander Legends,348,normal,common,1,56234,e9387e8f-0e72-4212-81c8-e64050700c52,1.35,false,false,near_mint,en,GBP,2026-01-01T13:20:10.577Z
Ichorplate Golem,ONE,Phyrexia: All Will Be One,230,normal,uncommon,1,78920,e555abb1-ffd4-4143-9be8-ec8a758f5c2a,22.50,false,false,good,en,GBP,2026-04-05T13:20:10.577Z
Island,BRO,The Brothers' War,270,foil,common,1,75879,eee75629-86b4-40b0-884a-22646ebf6e27,0.10,false,false,near_mint,en,GBP,2026-05-14T13:20:10.577Z
Shelob's Ambush,LTR,The Lord of the Rings: Tales of Middle-earth,108,normal,common,1,82941,25e69fa8-7339-4bfa-8e35-9cbfe0001d8b,22.50,false,false,near_mint,en,GBP,2026-04-05T13:20:10.577Z
Felonious Rage,MKM,Murders at Karlov Manor,125,normal,common,1,90830,4538d6a8-a24a-40e3-b894-45a30882c92a,0.23,false,false,near_mint,en,GBP,2026-04-05T13:20:10.577Z
Fireforger's Puzzleknot,KLD,Kaladesh,213,normal,common,2,7430,7a1c11ca-c81b-451e-a767-68865827e06d,0.05,false,false,light_played,en,GBP,2025-11-22T13:20:10.577Z
Requiting Hex,ECL,Lorwyn Eclipsed,116,normal,uncommon,1,110659,f21b0fb7-91b6-403f-a81a-562665961276,0.23,false,false,near_mint,en,GBP,2025-11-22T13:20:10.577Z
Icatian Scout,FEM,Fallen Empires,13b,normal,common,3,40358,e9db3442-01cb-4db2-ac33-8eca6880c315,1.35,false,false,near_mint,en,GBP,2026-01-01T13:20:10.577Z
Call to the Grave,M12,Magic 2012,85,normal,rare,2,19182,5e1324b6-dba0-4aff-a403-a45d2b405f5b,0.05,false,false,near_mint,en,GBP,2025-11-22T13:20:10.577Z
Dark Knight's Greatsword,FIN,Final Fantasy,95,normal,uncommon,1,106634,b50dcc7c-260f-4d8c-9a9e-9244ec23a91e,0.23,false,false,near_mint,en,GBP,2026-03-27T13:20:10.577Z
Mountain,RIX,Rivals of Ixalan,195,normal,common,1,2823,5fd9acc5-0088-4621-8f48-e997da5f27c5,0.23,false,false,near_mint,en,GBP,2026-03-27T13:20:10.577Z
Ashnod's Intervention,BRO,The Brothers' War,85,foil,common,2,75740,bcf491db-d12b-4c58-9c05-085cac34a73e,0.05,false,false,near_mint,en,GBP,2026-01-01T13:20:10.577Z
Glorifier of Suffering,LCI,The Lost Caverns of Ixalan,15,normal,common,1,88602,7580ad36-7362-4dee-9511-d119173b70e8,0.23,false,false,near_mint,en,GBP,2026-03-27T13:20:10.577Z
Plated Onslaught,ONE,Phyrexia: All Will Be One,29,foil,uncommon,1,78527,472a635a-a581-4c00-89d6-464f30887944,4.80,false,false,near_mint,en,GBP,2025-11-22T13:20:10.577Z
Ratonhnhaké:ton,ACR,Assassin's Creed,62,normal,rare,1,95322,2b16a212-602c-4839-9e34-fc5c5b0388f0,0.02,false,false,near_mint,en,GBP,2026-04-05T13:20:10.577Z
Mightform Harmonizer,EOE,Edge of Eternities,200,normal,rare,4,107352,f32302f1-b54f-4489-9d0b-9b771e59da06,0.10,false,false,near_mint,en,GBP,2026-03-27T13:20:10.577Z
Nimbus Naiad,THS,Theros,56,normal,common,1,15608,19e9c9a2-4c5b-4518-a127-e4ffb23437d6,0.10,false,false,near_mint,en,GBP,2026-01-01T13:20:10.577Z
Thriving Moor,J25,Foundations Jumpstart,779,normal,common,1,100452,48760243-5614-46cd-b487-2ec09638921a,0.47,false,false,near_mint,en,GBP,2026-04-05T13:20:10.577Z
Deathmark,M10,Magic 2010,90,normal,uncommon,1,23263,61268362-f2ba-469d-8e5a-0b8da96e54a5,0.02,false,false,near_mint,en,GBP,2026-04-05T13:20:10.577Z
Muster the Departed,MH3,Modern Horizons 3,36,normal,uncommon,1,94879,a37510bb-245c-47bc-bbf3-2b202b67d383,1.35,false,false,near_mint,en,GBP,2026-05-14T13:20:10.577Z
Bortuk Bonerattle,DMU,Dominaria United,296,normal,uncommon,1,71526,6f342de7-f179-4894-96e4-56339d32f801,1.35,false,false,near_mint,en,GBP,2026-05-14T13:20:10.577Z
Insatiable Avarice,OTJ,Outlaws of Thunder Junction,91,normal,rare,1,93290,a108b0e4-1b43-4659-9e91-facb0bd57ebb,1.35,false,false,near_mint,en,GBP,2026-05-14T13:20:10.577Z
Makeshift Battalion,WAR,War of the Spark,22,normal,common,1,44382,82293d58-d3b4-4cf6-8a16-32ae3e509696,1.35,false,false,near_mint,en,GBP,2026-01-01T13:20:10.577Z
Never Happened,GRN,Guilds of Ravnica,80,normal,common,4,403,289d3746-9e54-4983-9daa-f1a7afbdedad,0.23,false,false,near_mint,en,GBP,2026-04-05T13:20:10.577Z
Malachite Golem,MRD,Mirrodin,202,normal,common,1,29843,d1193164-5ee5-40ff-b244-f80d426bbf89,4.80,false,false,near_mint,en,GBP,2026-01-01T13:20:10.577Z
Gird for Battle,JMP,Jumpstart,106,normal,uncommon,2,51320,77238879-6dc7-46ff-8354-89e60c2a04e9,0.23,false,false,near_mint,en,GBP,2026-04-05T13:20:10.577Z
Swamp,CMM,Commander Masters,443,normal,common,1,84321,490452a3-22fb-4c75-9bf2-5cd6d6719446,0.02,false,false,near_mint,en,GBP,2026-04-05T13:20:10.577Z
Inscription of Ruin,ZNR,Zendikar Rising,108,normal,rare,1,54647,93612079-0b8d-489d-9ae1-3593414a8cee,0.10,false,false,near_mint,en,GBP,2026-03-27T13:20:10.577Z
Radha's Firebrand,DMU,Dominaria United,141,foil,rare,1,71690,ae8a90c4-4a79-49e7-9fab-076b35d28adb,0.05,false,false,near_mint,en,GBP,2025-11-22T13:20:10.577Z
Seachrome Coast,ONE,Phyrexia: All Will Be One,374,normal,rare,2,78728,9c37f4e8-aa29-4c68-ab89-7a529bae73e9,1.35,false,false,near_mint,en,GBP,2026-04-05T13:20:10.577Z
Frantic Scapegoat,MKM,Murders at Karlov Manor,126,normal,uncommon,4,91283,eb81e343-7242-44b1-9ce6-1dddd104f764,22.50,false,false,near_mint,en,GBP,2026-05-14T13:20:10.577Z
Hedron Crawler,OGW,Oath of the Gatewatch,164,normal,common,1,9218,9f827f92-1df6-4fd0-aa61-ec2e53476f9c,0.05,false,false,near_mint,en,GBP,2026-03-27T13:20:10.577Z
Kavu Climber,A25,Masters 25,175,foil,common,2,2541,da95f41d-ad5a-4861-94e2-a564dbf4f3c9,0.23,false,false,near_mint,en,GBP,2026-01-01T13:20:10.577Z
Redcap Thief,WOE,Wilds of Eldraine,147,foil,common,2,85731,cda6bdeb-a0d6-46ca-ba8c-317ee0096416,1.35,false,false,near_mint,en,GBP,2025-11-22T13:20:10.577Z
Escape Tunnel,MKM,Murders at Karlov Manor,261,normal,common,1,91057,93ddde4f-d35e-4128-8f43-d0eadbd715de,22.50,false,false,near_mint,en,GBP,2026-04-05T13:20:10.577Z
Snarling Warg,LTR,The Lord of the Rings: Tales of Middle-earth,109,normal,common,1,83351,a1ad561c-ccb4-480a-88a4-0555d0ef245e,0.02,false,false,light_played,en,GBP,2026-03-27T13:20:10.577Z
Lonely Arroyo,OTJ,Outlaws of Thunder Junction,260,normal,common,1,93150,4b778b63-e5fc-4d63-a93b-4372f32cade2,0.23,false,false,near_mint,en,GBP,2026-01-01T13:20:10.577Z
Cracked Skull,DSK,Duskmourn: House of Horror,88,normal,common,1,99214,7616ad5e-ed30-4876-8743-6f0f9f143ea1,0.23,false,false,near_mint,en,GBP,2026-01-01T13:20:10.577Z
Mutalith Vortex Beast,40K,"Warhammer 40,000 Commander",134★,normal,rare,2,74108,32c1b854-8dbe-454c-b8c4-16abb93bd39b,0.47,false,false,near_mint,en,GBP,2025-11-22T13:20:10.577Z
Retrieve,VOW,Innistrad: Crimson Vow,215,foil,uncommon,1,64339,9e997f78-22a2-4b66-ac10-1adc9a72ce3b,0.05,false,false,near_mint,en,GBP,2026-03-27T13:20:10.577Z
Plummet,M11,Magic 2011,190,normal,common,2,21199,5923f9d4-c2ec-466f-9e5b-17d24bda7f37,4.80,false,false,near_mint,en,GBP,2025-11-22T13:20:10.577Z
Agonizing Remorse,STA,Strixhaven Mystical Archive,24,normal,uncommon,2,58105,57b7f7bd-6db3-4716-b1c3-015b0a6d37e3,0.05,false,false,near_mint,en,GBP,2026-04-05T13:20:10.577Z
Jolly Gerbils,BLB,Bloomburrow,19,normal,uncommon,1,96167,0eab51d6-ba17-4a8c-8834-25db363f2b6b,0.47,false,false,near_mint,en,GBP,2026-04-05T13:20:10.577Z
Scytheclaw,CMM,Commander Masters,408,normal,rare,1,84688,a1fc07f5-170f-43a1-9f65-a3f702655226,0.02,false,false,near_mint,en,GBP,2026-05-14T13:20:10.577Z
Ultimate Green Goblin,SPM,Marvel's Spider-Man,276,foil,rare,2,108444,5e96fe19-9671-48b0-92fc-c46224c433c6,22.50,false,false,near_mint,en,GBP,2025-11-22T13:20:10.577Z
Scorpion's Sting,SPM,Marvel's Spider-Man,65,normal,common,1,107613,0fb03437-32cf-4c97-bf91-ea8b2ad3f964,0.23,false,false,near_mint,en,GBP,2025-11-22T13:20:10.577Z
Cultivator's Caravan,NEC,Neon Dynasty Commander,149,normal,rare,1,67068,c7bddb42-b754-4121-8ff7-e4e50df2eac6,0.23,false,false,good,en,GBP,2026-03-27T13:20:10.577Z
Deadly Precision,TLA,Avatar: The Last Airbender,95,normal,common,1,109422,4661daf6-d960-4278-8946-70948efaf99d,0.02,false,false,near_mint,en,GBP,2025-11-22T13:20:10.577Z
Mutant Town Musicians,TMT,Teenage Mutant Ninja Turtles,97,normal,common,2,111446,2dbe9207-06e8-4837-8227-0f960490771b,0.02,false,false,near_mint,en,GBP,2026-03-27T13:20:10.577Z
"Slimefoot, the Stowaway",DOM,Dominaria,205,normal,uncommon,2,2071,e8815cd9-7032-445a-aebc-cfc19bd51ee4,0.23,false,false,near_mint,en,GBP,2026-04-05T13:20:10.577Z
Reclaiming Vines,BFZ,Battle for Zendikar,185,normal,common,2,10166,18be4c1a-58d7-409e-b7e0-aadb5ccf814d,0.05,false,false,near_mint,en,GBP,2026-03-27T13:20:10.577Z
Phyrexian Fleshgorger,BRO,The Brothers' War,121,normal,mythic,1,75500,62d37423-3445-412a-9abd-0480da404637,0.05,true,false,near_mint,en,GBP,2026-01-01T13:20:10.577Z
Gurgling Anointer,BRO,The Brothers' War,104,normal,uncommon,1,75664,9ce0d139-2bea-48df-a007-cee7c8ce07bd,0.47,false,false,near_mint,en,GBP,2025-11-22T13:20:10.577Z
Diminish,M11,Magic 2011,52,foil,common,1,21337,298a8e4c-2bcf-4302-bef8-f126fe865f08,4.80,false,false,near_mint,en,GBP,2026-05-14T13:20:10.577Z
Reckless Crew,KHM,Kaldheim,359,foil,rare,1,56813,328adc1b-2e28-4615-a65b-4874dd2a1af5,1.35,false,false,near_mint,en,GBP,2026-04-05T13:20:10.577Z
Hecteyes,FIN,Final Fantasy,103,foil,common,2,106585,8680d052-c07b-4d9b-bda9-b5f69f44f424,22.50,false,false,near_mint,en,GBP,2026-04-05T13:20:10.577Z
Crypt Angel,INV,Invasion,97,normal,rare,2,33236,522ddc6f-ec13-4a70-8f4c-b3c846b102fd,0.02,false,false,near_mint,en,GBP,2026-04-05T13:20:10.577Z
Prishe's Wanderings,FIN,Final Fantasy,193,normal,common,3,106658,d6e1dee0-e2cd-4899-a3ea-7d0df717c9ab,0.05,false,false,near_mint,en,GBP,2026-01-01T13:20:10.577Z
Eviscerator's Insight,MH3,Modern Horizons 3,93,normal,common,2,94582,b00573bd-5bbb-4531-a0bb-a40f62b92b88,0.02,false,false,near_mint,en,GBP,2026-05-14T13:20:10.577Z
Supply Runners,JMP,Jumpstart,7,normal,uncommon,1,51596,f8c10c77-1446-4581-9587-dc2860fe78fe,4.80,false,false,light_played,en,GBP,2026-05-14T13:20:10.577Z
"Now for Wrath, Now for Ruin!",LTR,The Lord of the Rings: Tales of Middle-earth,24,foil,common,1,83475,c2e2c80d-7581-46ba-8237-7886b91c19b3,0.05,false,false,near_mint,en,GBP,2026-03-27T13:20:10.577Z
Steelfin Whale,MH2,Modern Horizons 2,65,normal,common,1,59638,7e7ca8b6-d7e0-4af2-a578-bf45a8731c19,0.05,false,false,near_mint,en,GBP,2026-05-14T13:20:10.577Z
Open the Omenpaths,KHM,Kaldheim,143,normal,common,1,56866,4e4023c8-8e7f-42b9-99e5-87e80fc3d6c8,22.50,false,false,near_mint,en,GBP,2025-11-22T13:20:10.577Z
Peel from Reality,CMR,Commander Legends,402,normal,common,1,56069,55aec3bd-b52f-4b23-a86a-429fa78a5a6a,0.10,false,false,near_mint,en,GBP,2026-04-05T13:20:10.577Z
Boldwyr Aggressor,ECL,Lorwyn Eclipsed,125,normal,uncommon,2,110770,76bbccd2-8a90-49a7-921a-6565b495efdf,22.50,false,false,near_mint,en,GBP,2026-05-14T13:20:10.577Z
Ertai Resurrected,DMU,Dominaria United,199,normal,rare,1,71567,7f7e780e-fbc5-4dc0-b5c7-efcb8645c7c6,0.47,false,false,near_mint,en,GBP,2026-04-05T13:20:10.577Z
Palantír of Orthanc,LTR,The Lord of the Rings: Tales of Middle-earth,247,normal,mythic,3,83180,6efb6a69-562c-4d95-858d-b067444cfd7e,1.35,false,false,near_mint,en,GBP,2026-04-05T13:20:10.577Z
Island,TDM,Tarkir: Dragonstorm,273,normal,common,1,104276,4208e66c-8c98-4c48-ab07-8523c0b26ca4,0.10,false,false,near_mint,en,GBP,2026-04-05T13:20:10.577Z
Volt Charge,ONE,Phyrexia: All Will Be One,155,normal,common,1,78630,73d74045-cc9b-4b01-bc5f-0f2eb4b01580,1.35,false,false,near_mint,en,GBP,2026-05-14T13:20:10.577Z
Scion of the Swarm,ZNR,Zendikar Rising,121,normal,uncommon,1,54413,043926fe-d25f-40b4-b556-181503434e68,1.35,false,false,near_mint,en,GBP,2026-01-01T13:20:10.577Z
Unfathomable Truths,MH3,Modern Horizons 3,77,normal,common,1,94896,f95b8eb1-4dbb-4bb9-aa31-b7a12e3b4618,1.35,false,false,near_mint,en,GBP,2026-03-27T13:20:10.577Z
Field Trip,STX,Strixhaven: School of Mages,131,normal,common,1,58383,f235060a-eb49-4a73-bb5f-01228c3c4070,0.10,false,false,excellent,en,GBP,2026-05-14T13:20:10.577Z
Corpse Appraiser,SNC,Streets of New Capenna,178,normal,uncommon,2,68046,e0f254bb-ec77-4147-ab9c-559bc7fba8cd,22.50,false,false,near_mint,en,GBP,2026-04-05T13:20:10.577Z
Thunderhead Gunner,DFT,Aetherdrift,148,normal,common,1,103669,ef537868-b2cb-4bbd-a935-b7f73f19bd06,0.23,false,false,near_mint,en,GBP,2026-01-01T13:20:10.577Z
Mourner's Surprise,OTJ,Outlaws of Thunder Junction,94,normal,common,1,93274,980b0b68-7218-49c6-b6bf-022218f3abf4,0.47,false,false,near_mint,en,GBP,2026-05-14T13:20:10.577Z
Platypus-Bear,TLA,Avatar: The Last Airbender,236,normal,common,1,109474,7ebf742a-3995-4b22-9dc7-b05f57889683,0.23,false,false,near_mint,en,GBP,2026-04-05T13:20:10.577Z
Bandit's Haul,OTJ,Outlaws of Thunder Junction,240,normal,uncommon,1,93197,68b2e74b-933b-4285-963b-dda3a986a914,0.10,false,false,near_mint,en,GBP,2026-01-01T13:20:10.577Z
"Brinelin, the Moon Kraken",CMR,Commander Legends,60,foil,uncommon,1,55663,4b063dfd-5a80-48c9-8f7b-48d21a129a76,4.80,false,false,near_mint,en,GBP,2026-03-27T13:20:10.577Z
Cloudpiercer,IKO,Ikoria: Lair of Behemoths,291,normal,common,1,49786,3db7d906-1794-40eb-9d73-1f2a4db3a13f,4.80,false,false,near_mint,en,GBP,2026-04-05T13:20:10.577Z
Wedgelight Rammer,EOE,Edge of Eternities,43,normal,uncommon,2,107397,2cb0984f-dc8b-4bb3-a4fd-8d6d4ae20198,0.23,false,false,near_mint,en,GBP,2026-04-05T13:20:10.577Z
Turn to Dust,MRD,Mirrodin,137,normal,common,1,29908,fcfcb643-bbd1-419a-b1a8-daae1062c8bc,0.05,false,false,near_mint,en,GBP,2026-01-01T13:20:10.577Z
Ancient Craving,A25,Masters 25,79,foil,uncommon,1,2637,20631989-64e7-4ad7-adf7-660033f893e8,4.80,false,false,near_mint,en,GBP,2026-01-01T13:20:10.577Z
"Melira, the Living Cure",ONE,Phyrexia: All Will Be One,209,normal,rare,1,78906,e1329ad9-5989-4920-b17b-943b9b4a0cd9,0.10,false,false,near_mint,en,GBP,2026-05-14T13:20:10.577Z
Applied Biomancy,RNA,Ravnica Allegiance,153,normal,common,1,43712,f91ed618-7b0b-4a70-95ad-d9ed46e28692,0.10,false,false,near_mint,en,GBP,2025-11-22T13:20:10.577Z
Lucius the Eternal,40K,"Warhammer 40,000 Commander",130,normal,rare,1,72411,6b86f229-0cbd-4d32-a1dc-ea4b24f835f2,4.80,false,false,near_mint,en,GBP,2026-04-05T13:20:10.577Z
Forum Familiar,MKM,Murders at Karlov Manor,16,normal,uncommon,1,91131,b06a243d-acc8-42cd-926c-98a4cc96ab21,0.02,false,false,near_mint,en,GBP,2026-01-01T13:20:10.577Z
Beluna Grandsquall // Seek Thrills,WOE,Wilds of Eldraine,220,normal,mythic,1,85361,3f5acc0d-33a6-476f-95ca-a1ad788334dd,22.50,false,false,excellent,en,GBP,2026-03-27T13:20:10.577Z
Forest,TLA,Avatar: The Last Airbender,286,foil,common,1,108256,a305e44f-4253-4754-b83f-1e34103d77b0,0.02,false,false,near_mint,en,GBP,2026-04-05T13:20:10.577Z
Hagra Sharpshooter,BFZ,Battle for Zendikar,113,foil,uncommon,1,10238,a706b2e3-bd0e-4111-8b68-976869c7d707,22.50,false,false,near_mint,en,GBP,2026-03-27T13:20:10.577Z
Mountain,INR,Innistrad Remastered,294,normal,common,1,102851,f8739e90-a967-4e06-b966-1a15755a25bd,0.05,false,false,near_mint,en,GBP,2026-03-27T13:20:10.577Z
Wandertale Mentor,BLB,Bloomburrow,240,normal,uncommon,1,95808,8c399a55-d02e-41ed-b827-8784b738c118,0.47,false,false,near_mint,en,GBP,2026-01-01T13:20:10.577Z
Fervent Mastery,STX,Strixhaven: School of Mages,101,normal,rare,1,58024,1f824caf-b32c-442a-8631-887831a57360,0.47,false,false,near_mint,en,GBP,2026-03-27T13:20:10.577Z
Sunfire Torch,LCI,The Lost Caverns of Ixalan,167,normal,common,1,88846,bb040fc7-f728-4482-92af-9a320c03bb54,0.10,false,false,near_mint,en,GBP,2026-03-27T13:20:10.577Z
Brazen Freebooter,RIX,Rivals of Ixalan,95,normal,common,2,2923,aeb3d3b6-6805-4476-aea1-a95c31bd21d7,4.80,false,false,near_mint,en,GBP,2026-04-05T13:20:10.577Z
GO TO JAIL,UST,Unstable,8,normal,common,3,3284,06b86826-307b-499b-92a4-a2de0839dc47,22.50,false,false,near_mint,en,GBP,2026-05-14T13:20:10.577Z
Cuboid Colony,SOS,Secrets of Strixhaven,183,normal,uncommon,3,111705,6384d135-7780-4d75-9e95-71bce506948e,0.02,false,false,good,en,GBP,2026-01-01T13:20:10.577Z
Jeong Jeong's Deserters,TLA,Avatar: The Last Airbender,25,normal,common,1,108152,060966f9-5e56-4512-9ef3-2b216daf093c,0.10,false,false,near_mint,en,GBP,2026-01-01T13:20:10.577Z
Stone of Erech,LTR,The Lord of the Rings: Tales of Middle-earth,251,foil,uncommon,3,83452,bc02e193-df33-4eb1-adc1-b51ee931218a,22.50,false,false,near_mint,en,GBP,2026-03-27T13:20:10.577Z
Scarecrow Guide,WOE,Wilds of Eldraine,250,normal,common,1,85357,3dc08461-bec6-4a18-b782-da4c92abb789,0.47,false,false,near_mint,en,GBP,2026-01-01T13:20:10.577Z
Magic Damper,FIN,Final Fantasy,61,normal,common,1,106540,44921b2e-5938-4f63-92b9-0b719a2f8c68,0.10,false,false,near_mint,en,GBP,2025-11-22T13:20:10.577Z
Guy in the Chair,SPM,Marvel's Spider-Man,102,normal,common,2,107641,65e97c06-55a6-4841-be0f-055c015df90a,1.35,false,false,excellent,en,GBP,2026-04-05T13:20:10.577Z
Promising Vein,LCI,The Lost Caverns of Ixalan,279,normal,common,1,88998,e9681a54-6413-4ff4-b6b1-ee4decb25bfa,0.47,false,false,good,en,GBP,2026-03-27T13:20:10.577Z
Scrapwork Mutt,BRO,The Brothers' War,164,normal,common,1,75428,4742800a-4872-4c2d-b884-01e0ba16950c,0.02,false,false,near_mint,en,GBP,2026-05-14T13:20:10.577Z
Woodland Stream,RIX,Rivals of Ixalan,191,normal,uncommon,2,2827,d1f14b4d-b90e-4ce4-aa32-13c9969aa46a,0.10,false,false,near_mint,en,GBP,2026-03-27T13:20:10.577Z
Rig for War,EOE,Edge of Eternities,156,normal,common,1,107710,3edd0515-dcc4-4cb5-8b54-9c00173d8a6d,1.35,false,false,near_mint,en,GBP,2025-11-22T13:20:10.577Z
Charging Tuskodon,RIX,Rivals of Ixalan,97,normal,uncommon,1,2921,8e49960d-4b45-4d3b-9c6e-e7b717b4feaa,0.23,false,false,near_mint,en,GBP,2026-03-27T13:20:10.577Z
End of the Hunt,SOS,Secrets of Strixhaven,81,foil,uncommon,2,112320,0809b51a-6a05-4f18-9bf4-1b8382da648f,22.50,false,false,near_mint,en,GBP,2026-01-01T13:20:10.577Z
Harmonious Emergence,NEO,Kamigawa: Neon Dynasty,190,normal,common,2,66910,c92ff968-b436-4313-8375-8a3bb41f9892,0.10,false,false,near_mint,en,GBP,2026-03-27T13:20:10.577Z
"Nissa, Ascended Animist",ONE,Phyrexia: All Will Be One,327,normal,mythic,2,78693,8e4a0ced-c1c9-4a35-b1ce-476506afc030,1.35,false,false,near_mint,en,GBP,2026-04-05T13:20:10.577Z
Ambush Gigapede,OTJ,Outlaws of Thunder Junction,77,normal,common,2,93268,93b17d09-974a-4e33-b14d-5fe4230ab241,1.35,false,false,near_mint,en,GBP,2026-01-01T13:20:10.577Z
Figure of Fable,ECL,Lorwyn Eclipsed,224,normal,rare,1,108967,e0ef33dd-5f6d-48fa-8ef6-a8092868d50f,0.05,false,false,near_mint,en,GBP,2026-01-01T13:20:10.577Z
Serpentine Ambush,VOW,Innistrad: Crimson Vow,77,normal,common,1,64381,b8214b1c-29f8-4986-89ac-2d7fc929edf3,22.50,false,false,near_mint,en,GBP,2026-04-05T13:20:10.577Z
Monument to Endurance,DFT,Aetherdrift,237,etched,rare,1,103640,d21433ba-0a14-42bc-ad0b-a4ef823a3295,0.05,false,false,near_mint,en,GBP,2025-11-22T13:20:10.577Z
Lifecraft Engine,DFT,Aetherdrift,329,normal,rare,1,102941,1f0aa565-1ef0-41f5-a86d-0701e357cde9,0.02,false,false,near_mint,en,GBP,2026-04-05T13:20:10.577Z
"Nashi, Moon's Legacy",MAT,March of the Machine: The Aftermath,89,normal,rare,1,82634,ce21e701-bb96-4040-a7ea-a5e0c11eae9b,0.23,false,false,near_mint,en,GBP,2026-04-05T13:20:10.577Z
Cruel Ultimatum,OTP,Breaking News,40,normal,rare,1,93162,539e00a6-6cb0-4960-8a45-52d70b575f5a,0.10,false,false,near_mint,en,GBP,2026-05-14T13:20:10.577Z
Dusk Charger,RIX,Rivals of Ixalan,69,normal,common,1,2949,c2ce54a3-f3eb-48a0-bfa2-5f4b90e413f0,0.23,false,false,near_mint,en,GBP,2026-03-27T13:20:10.577Z
Dread Return,CMM,Commander Masters,153,normal,common,1,84222,34a87901-98bb-41dd-b566-bcb510c20022,0.23,false,false,near_mint,en,GBP,2025-11-22T13:20:10.577Z
Skirsdag High Priest,C14,Commander 2014,163,normal,rare,1,12693,6b5771ae-8c27-40b3-b384-974cd75283fb,0.05,false,false,near_mint,en,GBP,2025-11-22T13:20:10.577Z
Embermouth Sentinel,TDM,Tarkir: Dragonstorm,242,normal,common,3,104606,485f75d5-da5b-4605-885a-561ccd999cc6,0.02,false,false,near_mint,en,GBP,2026-03-27T13:20:10.577Z
Pestilent Syphoner,ONE,Phyrexia: All Will Be One,103,normal,common,1,78706,947a1e44-3485-4e24-a34d-6c318584743c,1.35,false,false,near_mint,en,GBP,2026-03-27T13:20:10.577Z
Dinotomaton,LCI,The Lost Caverns of Ixalan,144,foil,common,1,88740,9de1a93e-ec71-45fa-b0b8-2c21123e390c,0.47,false,false,near_mint,en,GBP,2026-01-01T13:20:10.577Z
Polygraph Orb,MKM,Murders at Karlov Manor,99,normal,uncommon,1,91101,a6cc4c6f-4a84-4d42-89fa-7405f7ad6ba0,0.10,false,false,near_mint,en,GBP,2026-05-14T13:20:10.577Z
Short Circuit,NEO,Kamigawa: Neon Dynasty,78,foil,common,3,66730,74fe0fb5-e994-41b1-a73d-4e68f7afdf34,0.02,false,false,near_mint,en,GBP,2026-05-14T13:20:10.577Z
Drudge Skeletons,7ED,Seventh Edition,130,normal,common,2,32676,be76e8d0-70d3-4fc7-9320-e78ad93bd362,0.23,false,false,near_mint,en,GBP,2026-05-14T13:20:10.577Z
Scales of Shale,BLB,Bloomburrow,110,normal,common,1,95955,9ae14276-dbbd-4257-80e9-accd6c19f5b2,0.02,false,false,near_mint,en,GBP,2026-04-05T13:20:10.577Z
"Dragonhawk, Fate's Tempest",BLB,Bloomburrow,132,normal,mythic,2,96074,8659789c-6a2c-439f-a348-b9b1b06c55b8,0.05,false,false,near_mint,en,GBP,2026-04-05T13:20:10.577Z
Cut In,WOE,Wilds of Eldraine,125,normal,common,2,85562,8ea4d40a-7657-4ff8-9fc2-915b99432275,0.02,false,false,near_mint,en,GBP,2025-11-22T13:20:10.577Z
Kami of Restless Shadows,NEO,Kamigawa: Neon Dynasty,104,normal,common,1,66881,62d3be4a-ab4f-46ef-837c-0f7559a701fe,4.80,false,false,near_mint,en,GBP,2026-03-27T13:20:10.577Z
Repeat Offender,MKM,Murders at Karlov Manor,101,normal,common,1,90651,0c2ca1e7-e0de-4d29-a81b-62185ccd295f,4.80,false,false,near_mint,en,GBP,2025-11-22T13:20:10.577Z
Fire Nation's Conquest,TLE,Avatar: The Last Airbender Eternal,239,normal,uncommon,1,108269,b6fcdc4c-547a-4df4-93c8-911fd400c837,0.47,false,false,near_mint,en,GBP,2026-05-14T13:20:10.577Z
The Watcher in the Water,LTR,The Lord of the Rings: Tales of Middle-earth,75,normal,mythic,1,82908,1cb8e8bb-75a0-4b5e-b4b3-5d8f3795032d,0.10,false,false,near_mint,en,GBP,2026-01-01T13:20:10.577Z
Wickerfolk Indomitable,DFT,Aetherdrift,109,normal,uncommon,1,103245,ba78e076-8962-4b3f-b86f-04400b062951,4.80,false,false,played,en,GBP,2025-11-22T13:20:10.577Z
Carnivorous Canopy,ONE,Phyrexia: All Will Be One,162,normal,common,1,78647,7b43ba43-f7ae-4e00-b797-2360c3ccd839,1.35,false,false,near_mint,en,GBP,2026-03-27T13:20:10.577Z
Terminate,ACR,Assassin's Creed,98,normal,uncommon,1,95488,c6c38679-5563-4390-ba1f-804731953206,0.47,false,false,near_mint,en,GBP,2026-05-14T13:20:10.577Z
Reenact the Crime,MKM,Murders at Karlov Manor,297,normal,rare,1,90886,580e1986-d22b-4deb-914a-2d38d6da4145,0.10,false,false,near_mint,en,GBP,2026-03-27T13:20:10.577Z
Oculus Whelp,MOM,March of the Machine,69,normal,common,1,81364,58b35399-79af-49fa-989e-867a85320cc2,22.50,false,false,near_mint,en,GBP,2026-03-27T13:20:10.577Z
Mountain,EOE,Edge of Eternities,273,normal,common,1,107028,5cd39b01-9a06-4575-9c63-9fb3ba9ef101,22.50,false,false,near_mint,en,GBP,2026-03-27T13:20:10.577Z
Summon: Primal Garuda,FIN,Final Fantasy,37,normal,uncommon,1,106370,e44497a8-067e-454e-a9c0-684f03df55ff,4.80,false,false,near_mint,en,GBP,2026-05-14T13:20:10.577Z
Fresh Meat,C19,Commander 2019,166,normal,rare,1,45768,78bbdc81-d47f-4f0a-b359-c146cc07931d,4.80,false,false,near_mint,en,GBP,2026-01-01T13:20:10.577Z
Oni Possession,CHK,Champions of Kamigawa,135,normal,uncommon,1,29091,695f122d-e1b7-4dd4-a770-a8f206ba42da,0.05,false,false,near_mint,en,GBP,2026-04-05T13:20:10.577Z
Explosive Derailment,OTJ,Outlaws of Thunder Junction,122,normal,common,1,93417,f0e3df9c-0a86-4e6f-a3c7-84a883328a3d,0.23,false,false,near_mint,en,GBP,2026-01-01T13:20:10.577Z
The Capitoline Triad,ACR,Assassin's Creed,117,normal,mythic,2,95327,2e0f02da-62b2-424a-9f1d-6b6b387c15cd,4.80,false,false,near_mint,en,GBP,2025-11-22T13:20:10.577Z
Anticipate,BFZ,Battle for Zendikar,69,normal,common,1,10282,871c1931-06b4-4c69-9c2f-0dee3543c632,1.35,false,false,near_mint,en,GBP,2026-01-01T13:20:10.577Z
Ajani's Response,SOS,Secrets of Strixhaven,6,normal,common,1,112654,9cd1417a-badc-4abd-a8ca-5b31f85c1072,4.80,false,false,near_mint,en,GBP,2025-11-22T13:20:10.577Z
Scout for Survivors,EOE,Edge of Eternities,33,normal,uncommon,2,107349,ebf3a6dd-a447-46f9-8b10-091ac8cbaa18,0.05,false,false,near_mint,en,GBP,2026-01-01T13:20:10.577Z
Fallaji Dragon Engine,BRO,The Brothers' War,159,normal,uncommon,1,75903,f7761ed0-a784-4dfb-ab6c-0f4b9a411cf3,0.10,false,false,near_mint,en,GBP,2026-01-01T13:20:10.577Z
Fallaji Archaeologist,BRO,The Brothers' War,48,normal,common,1,75714,b0eab397-25a6-4377-8e12-e8acef9675cf,0.05,false,false,near_mint,en,GBP,2026-04-05T13:20:10.577Z
Reassembling Skeleton,FDN,Foundations,182,normal,uncommon,2,100291,28e84b1b-1c05-4e1b-93b8-9cc2ca73509d,0.47,false,false,near_mint,en,GBP,2025-11-22T13:20:10.577Z
Damage Control Crew,SPM,Marvel's Spider-Man,99,normal,uncommon,2,108565,ad2cab87-691d-44fe-ab2f-33760b1feb0f,4.80,false,false,near_mint,en,GBP,2026-01-01T13:20:10.577Z
Balemurk Leech,DSK,Duskmourn: House of Horror,84,normal,common,1,99016,f0621b32-95c5-4f70-96cf-d46d20efc85d,0.23,false,false,near_mint,en,GBP,2025-11-22T13:20:10.577Z
Rust Harvester,EOE,Edge of Eternities,159,normal,rare,1,107069,7ce58765-d2f4-4fbf-8635-580c9400ff2e,0.05,false,false,near_mint,en,GBP,2025-11-22T13:20:10.577Z
Crypt Ripper,ZEN,Zendikar,85,normal,common,1,22539,9920e91d-58c1-4c1a-a177-43423db96842,0.23,false,false,light_played,en,GBP,2025-11-22T13:20:10.577Z
Phyrexian Fleshgorger,BRO,The Brothers' War,121,normal,mythic,1,75500,62d37423-3445-412a-9abd-0480da404637,0.05,false,false,near_mint,en,GBP,2026-01-01T13:20:10.577Z
Ichormoon Gauntlet,ONE,Phyrexia: All Will Be One,56,normal,mythic,1,78468,2c093ce0-2561-4847-ab58-f6f1650d743e,0.47,false,false,near_mint,en,GBP,2026-01-01T13:20:10.577Z
Starforged Sword,BLB,Bloomburrow,249,normal,uncommon,1,96110,c23d8e96-b972-4c6c-b0c4-b6627621f048,0.23,false,false,near_mint,en,GBP,2025-11-22T13:20:10.577Z
"Nin, the Pain Artist",C17,Commander 2017,183,normal,rare,1,4272,005ad65e-cf0b-48e9-a314-2ebba5a1400c,22.50,false,false,near_mint,en,GBP,2026-01-01T13:20:10.577Z
Vrock,CLB,Commander Legends: Battle for Baldur's Gate,157,normal,uncommon,1,69014,5111905c-3d19-4a06-b8c6-a253260b5d24,0.05,false,false,good,en,GBP,2026-01-01T13:20:10.577Z
Midnight Reaper,DRC,Aetherdrift Commander,44,normal,rare,1,102973,33c16202-4d7f-449c-8b29-144b2a9fda9a,0.10,false,false,near_mint,en,GBP,2026-03-27T13:20:10.577Z
Sleight of Hand,SOA,Secrets of Strixhaven Mystical Archive,22,normal,uncommon,1,112686,c837c418-2fe9-4ce8-b76d-c37241579a93,0.05,false,false,near_mint,en,GBP,2025-11-22T13:20:10.577Z
Jace's Ingenuity,M11,Magic 2011,60,foil,uncommon,1,21329,b79bea30-3210-4944-b146-3624c9869f45,4.80,false,false,good,en,GBP,2025-11-22T13:20:10.577Z
Temur Battlecrier,TDM,Tarkir: Dragonstorm,425,normal,rare,2,104380,ee706aa4-3188-47ee-b164-35287b26e677,0.02,false,false,near_mint,en,GBP,2026-05-14T13:20:10.577Z
Together as One,SOS,Secrets of Strixhaven,4,normal,rare,1,111732,ac2a8a66-e38c-42ab-83e1-d2d99ee48861,0.05,false,false,near_mint,en,GBP,2026-05-14T13:20:10.577Z
Viashino Slaughtermaster,MM2,Modern Masters 2015,133,normal,common,1,11084,a441fae0-a9c7-4d91-a69e-8ea1f8fa6947,4.80,false,false,near_mint,en,GBP,2026-03-27T13:20:10.577Z
Lucky Offering,NEO,Kamigawa: Neon Dynasty,27,normal,common,1,66660,24bbdeb0-9165-4874-a853-d19c20c250ef,0.05,false,false,near_mint,en,GBP,2026-05-14T13:20:10.577Z
Weapons Vendor,FIN,Final Fantasy,40,normal,common,1,106651,c9e6b374-3e44-4df7-b0a3-4ef98dc08267,4.80,false,false,near_mint,en,GBP,2026-04-05T13:20:10.577Z
"Shelob, Child of Ungoliant",LTR,The Lord of the Rings: Tales of Middle-earth,374,foil,rare,1,83037,43d427a8-a237-4053-b90d-0f1dd249e9c1,4.80,false,false,near_mint,en,GBP,2026-04-05T13:20:10.577Z
Iridescent Vinelasher,BLB,Bloomburrow,99,normal,rare,8,95877,b2bc854c-4e72-48e0-a098-e3451d6e511d,4.80,false,false,near_mint,en,GBP,2026-04-05T13:20:10.577Z
Sticky Fingers,SNC,Streets of New Capenna,124,normal,common,1,67696,3678fa3d-d41f-4b7a-b25e-6fc5f78876c7,4.80,false,false,near_mint,en,GBP,2025-11-22T13:20:10.577Z
Quandrix Charm,SOS,Secrets of Strixhaven,217,normal,uncommon,1,111696,318486e0-f255-40f5-8150-dc272eec9d7d,0.23,false,false,near_mint,en,GBP,2026-03-27T13:20:10.577Z
Forest,EOE,Edge of Eternities,275,normal,common,8,107213,fb62605c-a58e-4e53-8336-b2bee316b5a6,22.50,false,false,excellent,en,GBP,2025-11-22T13:20:10.577Z
Virulent Silencer,EOE,Edge of Eternities,248,normal,uncommon,1,107009,4120fcfc-3547-4774-a15d-b9cccac04e76,0.23,false,false,near_mint,en,GBP,2026-01-01T13:20:10.577Z
Graceful Takedown,WOE,Wilds of Eldraine,171,normal,uncommon,2,85528,83edf626-ed34-417f-818d-597ecf439167,1.35,false,false,near_mint,en,GBP,2026-05-14T13:20:10.577Z
"Yenna, Redtooth Regent",WOE,Wilds of Eldraine,219,normal,rare,1,85790,e635d461-254a-434e-8e5d-dea61dd8ca4f,0.02,false,false,near_mint,en,GBP,2026-04-05T13:20:10.577Z
Run Over,DFT,Aetherdrift,179,normal,common,4,103519,642f8fdd-6c58-49a3-904c-27f717cae980,0.02,false,false,near_mint,en,GBP,2025-11-22T13:20:10.577Z
Induce Despair,ROE,Rise of the Eldrazi,114,normal,common,2,21853,1b0c6980-a371-4cb5-b684-3ebddd4890f8,0.10,false,false,near_mint,en,GBP,2026-03-27T13:20:10.577Z
Moonfolk Puzzlemaker,NEO,Kamigawa: Neon Dynasty,68,foil,common,1,66802,c9fa6d4c-78dc-4b40-9ce8-a0e593d4001f,0.05,false,false,near_mint,en,GBP,2026-05-14T13:20:10.577Z
Scrounging Skyray,DFT,Aetherdrift,60,normal,uncommon,1,103645,d60bece3-6f63-4d9e-bca0-cef2d38f1472,0.23,false,false,near_mint,en,GBP,2026-05-14T13:20:10.577Z
"Gyruda, Doom of Depths",MUL,Multiverse Legends,42,normal,rare,1,81421,9cbe6748-8ef1-4697-8b7b-72c5ea5b34c5,0.05,false,false,near_mint,en,GBP,2026-03-27T13:20:10.577Z
Crusader of Odric,M13,Magic 2013,10,normal,uncommon,2,17813,295096bb-1857-4224-bc7b-307b38cfd338,4.80,false,false,near_mint,en,GBP,2026-04-05T13:20:10.577Z
Mountain,TLA,Avatar: The Last Airbender,290,normal,common,1,108141,ea96ecc4-72f3-46a4-8900-6a7c5a83d4df,0.05,false,false,near_mint,en,GBP,2025-11-22T13:20:10.577Z
Reaper of the Wilds,THS,Theros,201,normal,rare,2,15463,34d6c78f-b868-4171-b231-4dee45cfa6e0,0.02,false,false,near_mint,en,GBP,2026-04-05T13:20:10.577Z
Spirit Mascot,SOS,Secrets of Strixhaven,230,foil,common,1,111682,123f1fde-d8de-4640-baa1-bb3781713168,0.02,false,false,near_mint,en,GBP,2026-01-01T13:20:10.577Z
Voldaren Ambusher,INR,Innistrad Remastered,180,normal,uncommon,1,102733,b2f493be-7e6f-4634-999b-a5c35fa45447,0.05,false,false,near_mint,en,GBP,2025-11-22T13:20:10.577Z
Swamp,EOE,Edge of Eternities,264,normal,common,1,106778,3e724e54-a622-4c77-8183-5a397a7c14a9,0.23,false,false,near_mint,en,GBP,2026-01-01T13:20:10.577Z
Jeskai Devotee,TDM,Tarkir: Dragonstorm,110,normal,common,1,104257,27f31f9c-7149-4608-9b18-b3530a2efd4a,0.05,false,false,near_mint,en,GBP,2026-01-01T13:20:10.577Z
Anodet Lurker,5DN,Fifth Dawn,101,normal,common,4,29394,c97773f5-548a-4107-b29c-56b5428d5ddb,0.47,false,false,excellent,en,GBP,2026-04-05T13:20:10.577Z
Command Tower,CMM,Commander Masters,659,normal,common,1,84150,24179418-d92c-43eb-a8f6-b8ea83f8c80f,1.35,false,false,near_mint,en,GBP,2026-01-01T13:20:10.577Z
The Stasis Coffin,BRO,The Brothers' War,366,normal,rare,1,75682,a41793ef-73a3-41fc-8efc-df0d72ede984,0.47,false,false,near_mint,en,GBP,2026-03-27T13:20:10.577Z
"Neva, Stalked by Nightmares",WOE,Wilds of Eldraine,209,normal,uncommon,2,85795,e6f925ab-ade7-4da8-a791-185e098d18f2,22.50,false,false,near_mint,en,GBP,2025-11-22T13:20:10.577Z
Azorius Guildmage,RVR,Ravnica Remastered,165,normal,uncommon,1,89612,288c751e-a042-45a9-adce-7001bb0ce512,1.35,false,false,near_mint,en,GBP,2026-04-05T13:20:10.577Z
Meddling Youths,MKM,Murders at Karlov Manor,367,normal,uncommon,1,91226,d7d1e216-a150-4f57-bd1c-8c8c86023c6d,22.50,false,false,near_mint,en,GBP,2026-05-14T13:20:10.577Z
Strategic Betrayal,TDM,Tarkir: Dragonstorm,94,foil,uncommon,2,105145,95617742-548d-464a-bb89-a858ffa9018f,0.47,false,false,near_mint,en,GBP,2026-05-14T13:20:10.577Z
"Strider, Ranger of the North",LTR,The Lord of the Rings: Tales of Middle-earth,232,normal,uncommon,1,83081,54461d61-a745-467f-9fbe-b5e7a8edbdbf,0.10,false,false,good,en,GBP,2026-01-01T13:20:10.577Z
"Spider-Ham, Peter Porker",SPM,Marvel's Spider-Man,114,foil,rare,1,107629,41f18f42-b86b-4a12-9f0d-76b761571195,0.47,false,false,near_mint,en,GBP,2026-04-05T13:20:10.577Z
Sokka's Sword Training,TLE,Avatar: The Last Airbender Eternal,84,normal,common,1,109675,3489930a-208d-4bb2-b200-58a0dd4f6e81,0.10,false,false,near_mint,en,GBP,2026-04-05T13:20:10.577Z
Hungry Graffalon,SOS,Secrets of Strixhaven,151,normal,common,3,112557,030b1272-5990-4bc9-8fc1-82cc05602060,0.47,false,false,near_mint,en,GBP,2025-11-22T13:20:10.577Z
Mirran Safehouse,ONE,Phyrexia: All Will Be One,232,normal,rare,1,78879,d76fe2f2-ce2c-49e4-9f00-89c82f2fae8d,1.35,false,false,near_mint,en,GBP,2026-01-01T13:20:10.577Z
Anoint with Affliction,ONE,Phyrexia: All Will Be One,81,normal,common,1,78961,f7dc55a8-290f-4666-90ce-aa632e87c5e7,0.05,false,false,near_mint,en,GBP,2025-11-22T13:20:10.577Z
Early Winter,BLB,Bloomburrow,93,normal,common,1,95626,5030e6ac-211d-4145-8c87-998a8351a467,0.05,false,false,near_mint,en,GBP,2026-04-05T13:20:10.577Z
Roamer's Routine,TDM,Tarkir: Dragonstorm,154,normal,common,1,104396,fb8c2d5c-ba0c-4d50-8898-5c6574b1e974,0.23,false,false,near_mint,en,GBP,2025-11-22T13:20:10.577Z
Snakeskin Veil,KHM,Kaldheim,194,normal,common,2,57125,e692c208-c171-4964-9207-43c2cbc62845,0.02,false,false,near_mint,en,GBP,2026-05-14T13:20:10.577Z
Sunder the Gateway,MOM,March of the Machine,39,normal,common,1,81314,194ad785-21bb-4ce6-8776-31c67259fb99,0.10,false,false,near_mint,en,GBP,2025-11-22T13:20:10.577Z
Ravine Raider,BLB,Bloomburrow,106,normal,common,8,96370,874510be-7ecd-4eff-abad-b9594eb4821a,0.02,false,false,near_mint,en,GBP,2026-01-01T13:20:10.577Z
Marketwatch Phantom,MKM,Murders at Karlov Manor,24,normal,common,1,91237,daf6a392-3fc4-45d1-b85d-3b1381b3ab7d,22.50,false,false,near_mint,en,GBP,2026-03-27T13:20:10.577Z
Skyskipper Duo,BLB,Bloomburrow,71,normal,common,2,96476,d6844bad-ffbe-4c6e-b438-08562eccea52,0.23,false,false,near_mint,en,GBP,2026-04-05T13:20:10.577Z
Aven Reedstalker,HOU,Hour of Devastation,30,normal,common,1,4645,f0c2d70a-d646-44eb-9f65-ddf6e329ab43,0.02,false,false,near_mint,en,GBP,2026-01-01T13:20:10.577Z
Triumphant Chomp,LCI,The Lost Caverns of Ixalan,170,foil,uncommon,1,88240,06b28139-efa7-4818-a012-cf8150692b43,22.50,false,false,near_mint,en,GBP,2026-04-05T13:20:10.577Z
"Zhao, Ruthless Admiral",TLA,Avatar: The Last Airbender,252,normal,uncommon,1,109417,3fd48a57-b0bb-4177-a0f3-bd317a179cbe,4.80,false,false,near_mint,en,GBP,2025-11-22T13:20:10.577Z
Ayara's Oathsworn,MAT,March of the Machine: The Aftermath,11,normal,rare,1,82523,5330e6b7-eca3-46a4-8905-8f1de16f76af,0.02,false,false,light_played,en,GBP,2026-03-27T13:20:10.577Z
Dross Skullbomb,ONE,Phyrexia: All Will Be One,225,normal,common,1,78595,66270dd2-9139-4329-9621-852962836688,9.99,false,false,near_mint,en,GBP,2025-11-22T13:20:10.577Z
Blightcaster,M14,Magic 2014,86,normal,uncommon,1,15965,61752b13-255a-44d0-9fb0-5ed5680b954e,22.50,false,false,excellent,en,GBP,2026-05-14T13:20:10.577Z
Wild Pack Squad,SPM,Marvel's Spider-Man,23,normal,common,3,107647,7b0eda7c-e44d-4d9b-9042-4a1eb8c4ed4a,0.23,false,false,near_mint,en,GBP,2025-11-22T13:20:10.577Z
Cost of Brilliance,SOS,Secrets of Strixhaven,77,normal,common,1,112594,3a46816b-9f75-4c72-9ec6-cded6a4a0d01,0.23,false,false,near_mint,en,GBP,2025-11-22T13:20:10.577Z
Gitaxian Raptor,ONE,Phyrexia: All Will Be One,53,normal,common,2,78538,4f5e95f8-c04d-405f-bba4-e83a8f6bf463,0.02,false,false,good,en,GBP,2026-01-01T13:20:10.577Z
Grey Knight Paragon,40K,"Warhammer 40,000 Commander",13,normal,uncommon,1,72306,27b29b3f-1f99-4880-8f66-442fa5326150,22.50,false,false,near_mint,en,GBP,2026-05-14T13:20:10.577Z
Magmatic Hellkite,TDM,Tarkir: Dragonstorm,301,normal,rare,1,104907,b8a8906f-8593-4ae8-ba65-f2a1cc4c8fa6,4.80,false,false,near_mint,en,GBP,2026-04-05T13:20:10.577Z
Plains,BRO,The Brothers' War,278,normal,common,1,75579,7e134268-9ce9-4192-b548-90bedbfe654e,0.47,false,false,near_mint,en,GBP,2026-03-27T13:20:10.577Z
Stegron the Dinosaur Man,SPM,Marvel's Spider-Man,95,normal,common,1,107631,485ceacb-fa76-4517-8466-c3c6bf6bcd6e,0.47,false,false,near_mint,en,GBP,2025-11-22T13:20:10.577Z
Electro's Bolt,SPM,Marvel's Spider-Man,77,normal,common,1,107620,25fe063f-35e4-4fca-9889-06834a8ef9b9,0.02,false,false,near_mint,en,GBP,2026-05-14T13:20:10.577Z
Child of Night,JMP,Jumpstart,218,normal,common,1,51206,3887af00-a87d-4396-b82b-38b88c084e8e,4.80,false,false,near_mint,en,GBP,2026-01-01T13:20:10.577Z
Tranquil Cove,DFT,Aetherdrift,267,normal,common,1,103098,70688800-7675-4e75-bb3c-9e05b95a685c,4.80,false,false,near_mint,en,GBP,2026-01-01T13:20:10.577Z
Crumb and Get It,BLB,Bloomburrow,8,normal,common,1,96259,3c7b3b25-d4b3-4451-9f5c-6eb369541175,1.35,false,false,good,en,GBP,2026-03-27T13:20:10.577Z
Elemental Teachings,TLA,Avatar: The Last Airbender,178,normal,rare,1,109539,cac8ac35-6860-4839-ab85-93d409206c08,0.47,false,false,near_mint,en,GBP,2026-01-01T13:20:10.577Z
Rot Farm Mortipede,MKM,Murders at Karlov Manor,102,foil,common,2,90617,023b0142-663a-47e7-a9f1-0b565a172b60,0.02,false,false,near_mint,en,GBP,2026-01-01T13:20:10.577Z
Umbral Collar Zealot,EOE,Edge of Eternities,123,foil,uncommon,1,107321,bbcc1d84-9772-475d-924a-75bb54c9bc20,1.35,false,false,near_mint,en,GBP,2026-05-14T13:20:10.577Z
Battery Bearer,BRO,The Brothers' War,207,foil,uncommon,2,75736,bb5306d6-0f08-429a-8590-1b8136f953a9,22.50,false,false,near_mint,en,GBP,2026-03-27T13:20:10.577Z
Gollum's Bite,LTR,The Lord of the Rings: Tales of Middle-earth,85,normal,uncommon,1,82900,1b1e790e-ff82-4888-8aee-9986c646241a,1.35,false,false,near_mint,en,GBP,2026-03-27T13:20:10.577Z
Rampaging Ceratops,LCI,The Lost Caverns of Ixalan,322,normal,uncommon,1,88476,4be8d613-7697-413b-a107-0a25c1662835,1.35,false,false,near_mint,en,GBP,2025-11-22T13:20:10.577Z
Gravpack Monoist,EOE,Edge of Eternities,104,normal,common,2,107701,2a968f01-36ef-4cf6-b1db-630c9cde2064,22.50,false,false,near_mint,en,GBP,2026-05-14T13:20:10.577Z
Heated Argument,SOS,Secrets of Strixhaven,118,normal,common,1,111679,0038d212-3d95-4f98-8c2e-7b2404d0ced7,0.10,false,false,near_mint,en,GBP,2026-04-05T13:20:10.577Z
The Great Aurora,PLST,The List,ORI-179,normal,mythic,1,82041,ee64d774-871f-42fd-9765-c86e9eec75a8,0.47,false,false,good,en,GBP,2026-04-05T13:20:10.577Z
"Lukka, Bound to Ruin",ONE,Phyrexia: All Will Be One,207,normal,mythic,1,78614,6df77017-c4a7-4b79-a16b-26463bd6a96a,0.05,false,false,near_mint,en,GBP,2026-04-05T13:20:10.577Z
Threads of Disloyalty,SS1,Signature Spellbook: Jace,8,normal,rare,1,1368,e207a353-bf66-41c3-ab52-b858e57776f0,4.80,false,false,near_mint,en,GBP,2025-11-22T13:20:10.577Z
Bedlam Reveler,2X2,Double Masters 2022,104,normal,rare,1,70581,e9333564-2792-470e-be73-61f2445e018f,0.05,false,false,near_mint,en,GBP,2026-04-05T13:20:10.577Z
Spinning Wheel Kick,NEO,Kamigawa: Neon Dynasty,207,normal,uncommon,1,66545,5f36ddd7-82c1-45ef-a966-ae2a34c540e1,0.47,false,false,near_mint,en,GBP,2026-01-01T13:20:10.577Z
Moonfolk Puzzlemaker,NEO,Kamigawa: Neon Dynasty,68,foil,common,1,66802,c9fa6d4c-78dc-4b40-9ce8-a0e593d4001f,0.05,false,false,near_mint,en,GBP,2026-05-14T13:20:10.577Z
Summon: Leviathan,FIN,Final Fantasy,77,normal,rare,1,106299,ea7f26a9-b203-4ee7-88f1-3d9c77a25bcb,4.80,false,false,near_mint,en,GBP,2026-01-01T13:20:10.577Z
Goblin Assailant,WAR,War of the Spark,128,normal,common,1,44276,e41acc81-7c22-4b59-97b8-54473623db6f,0.23,false,false,near_mint,en,GBP,2026-05-14T13:20:10.577Z
Reaper from the Abyss,C14,Commander 2014,159,normal,mythic,1,12697,0831a574-33c5-4ab2-b7f6-17db2829df51,22.50,false,false,near_mint,en,GBP,2026-05-14T13:20:10.577Z
Nyxborn Seaguard,THB,Theros Beyond Death,57,normal,common,1,47005,9ad0c7d7-0e44-496f-a2fc-fafc604cb1f1,1.35,false,false,near_mint,en,GBP,2025-11-22T13:20:10.577Z
Shade of Trokair,TSR,Time Spiral Remastered,42,normal,common,2,57783,a4e4d9c6-416b-47fd-93a5-6c19d89b7c7f,1.35,false,false,near_mint,en,GBP,2026-04-05T13:20:10.577Z
"Electro, Assaulting Battery",SPM,Marvel's Spider-Man,76,foil,rare,1,108468,d672cfad-e656-47f8-bf93-64f262aff33e,0.10,false,false,near_mint,en,GBP,2026-05-14T13:20:10.577Z
Exultant Skymarcher,RIX,Rivals of Ixalan,7,normal,common,3,3011,fffe7b2b-22c3-4e6a-9b1b-c6d7b29b9f86,0.02,false,false,near_mint,en,GBP,2026-05-14T13:20:10.577Z
Summoner's Grimoire,FIN,Final Fantasy,205,normal,rare,1,105730,d9fda3fc-569d-49f8-a2ed-e0b1d6668426,0.47,false,false,near_mint,en,GBP,2026-01-01T13:20:10.577Z
Gather the White Lotus,TLA,Avatar: The Last Airbender,20,normal,uncommon,1,109495,96e2b3d0-f060-4f3c-9d12-a0444b202008,0.23,false,false,near_mint,en,GBP,2026-04-05T13:20:10.577Z
Jungle Hollow,M21,Core Set 2021,247,normal,common,4,50840,69f28d7a-6480-4725-9719-2354921e6410,22.50,false,false,near_mint,en,GBP,2026-04-05T13:20:10.577Z
Corpse Appraiser,SNC,Streets of New Capenna,302,normal,uncommon,1,68074,ee198ea7-729a-47ce-89dd-43f77f60247b,0.47,false,false,near_mint,en,GBP,2026-01-01T13:20:10.577Z
Tend the Sprigs,ECL,Lorwyn Eclipsed,197,foil,common,1,110324,388f6d9d-bb9a-4a3d-93c5-701db194863c,0.10,false,false,near_mint,en,GBP,2026-05-14T13:20:10.577Z
Chained Brute,JMP,Jumpstart,19,normal,uncommon,1,51152,1d4e5c23-3a7f-4a6b-99c4-6a1487a9b097,0.23,false,false,near_mint,en,GBP,2026-04-05T13:20:10.577Z
Worn Powerstone,MH3,Modern Horizons 3,298,normal,uncommon,1,94578,ace686ad-9e3f-41b3-b8eb-d1b6d45eb4e1,0.05,false,false,near_mint,en,GBP,2026-05-14T13:20:10.577Z
Stadium Headliner,TDM,Tarkir: Dragonstorm,344,normal,rare,1,105039,ef7a1ddf-bf52-4d44-92cd-8d8127472bd9,0.05,false,false,near_mint,en,GBP,2026-05-14T13:20:10.577Z
Carrier Thrall,BFZ,Battle for Zendikar,106,normal,uncommon,2,10245,bd2ab895-9225-4eba-90c3-4023db4f8b70,22.50,false,false,good,en,GBP,2026-01-01T13:20:10.577Z
Song-Mad Treachery // Song-Mad Ruins,ZNR,Zendikar Rising,165,normal,uncommon,1,54613,782ca27f-9f18-476c-b582-89c06fb2e322,0.02,false,true,near_mint,en,GBP,2025-11-22T13:20:10.577Z
Flame Elemental,MIR,Mirage,175,normal,uncommon,1,38415,498e813d-b0b3-4040-b87a-4fa2be681ec5,0.23,false,false,near_mint,en,GBP,2025-11-22T13:20:10.577Z
